{ "indexes" : [ { "v" : 1, "key" : { "_id" : 1 }, "name" : "_id_", "ns" : "Milestones.data" }, { "v" : 1, "unique" : true, "key" : { "perturbagens.name" : 1 }, "name" : "perturbagens.name_1", "ns" : "Milestones.data", "background" : true, "safe" : null }, { "v" : 1, "unique" : true, "key" : { "cellLines.name" : 1 }, "name" : "cellLines.name_1", "ns" : "Milestones.data", "background" : true, "safe" : null }, { "v" : 1, "unique" : true, "key" : { "readouts.name" : 1 }, "name" : "readouts.name_1", "ns" : "Milestones.data", "background" : true, "safe" : null } ] }